{
  "loan_intent_risk": {
    "EDUCATION": 0.3993283497662337,
    "MEDICAL": 0.4322,
    "VENTURE": 0.65,
    "HOMEIMPROVEMENT": 0.319,
    "DEBTCONSOLIDATION": 0.4087465918203689,
    "PERSONAL": 0.2598022337380624
  },
  "home_ownership_risk": {
    "RENT": 0.44,
    "MORTGAGE": 0.29,
    "OWN": 0.17
  },
  "timestamp": "2025-06-25T19:45:39.320300"
}