loan_type,default_rate,avg_interest_rate,avg_loan_amount
EDUCATION,10.1,16.27853864734299,10203.543085512783
MEDICAL,15.2,12.0,15000.0
VENTURE,20.0,15.0,50000.0
HOMEIMPROVEMENT,8.5,9.0,25000.0
DEBTCONSOLIDATION,12.0,18.733333333333334,5652.757834757835
PERSONAL,10.5,4.610000000000001,12160.744579354123
