loan_type,default_rate,avg_interest_rate,avg_loan_amount,risk_score
EDUCATION,10.1,14.22,1000.0,0.33524
MEDICAL,15.2,0.0,25500.0,0.3197
VENTURE,20.0,0.0,17086.0,0.3712580000000001
HOMEIMPROVEMENT,8.5,9.99,331.795,0.256875385
DEBTCONSOLIDATION,12.0,12.495000000000001,50.0,0.34209
PERSONAL,10.5,9.49,2000.0,0.28788
